{"cameraMode":{"drawMode":0,"name":"Shaded","section":"Shading Mode"},"sceneLighting":false,"audioPlay":false,"sceneViewState":{"showFog":true,"showMaterialUpdate":false,"showSkybox":false,"showFlares":true,"showImageEffects":true,"showParticleSystems":true},"in2DMode":false,"pivot":{"x":0.08500003814697266,"y":3.0399999618530275,"z":-2.700000047683716},"rotation":{"x":-0.2940821349620819,"y":-0.21077211201190949,"z":0.06665950268507004,"w":-0.9298652410507202},"size":2.202509880065918,"orthographic":false}