{"cameraMode":{"drawMode":0,"name":"Shaded","section":"Shading Mode"},"sceneLighting":false,"audioPlay":false,"sceneViewState":{"showFog":true,"showMaterialUpdate":false,"showSkybox":false,"showFlares":true,"showImageEffects":true,"showParticleSystems":true},"in2DMode":false,"pivot":{"x":2.8772060871124269,"y":3.8260555267333986,"z":-1.6449124813079835},"rotation":{"x":-0.09572704136371613,"y":-0.2590863108634949,"z":0.02581625059247017,"w":-0.9607576131820679},"size":4.60803747177124,"orthographic":false}