{"cameraMode":{"drawMode":0,"name":"Shaded","section":"Shading Mode"},"sceneLighting":true,"audioPlay":false,"sceneViewState":{"showFog":true,"showMaterialUpdate":false,"showSkybox":true,"showFlares":true,"showImageEffects":true,"showParticleSystems":true},"in2DMode":false,"pivot":{"x":0.1255311667919159,"y":1.510823130607605,"z":-2.9130020141601564},"rotation":{"x":-0.2523925006389618,"y":0.20619641244411469,"z":-0.05514194816350937,"w":-0.9437902569770813},"size":4.989660739898682,"orthographic":false}