{"cameraMode":{"drawMode":0,"name":"Shaded","section":"Shading Mode"},"sceneLighting":true,"audioPlay":false,"sceneViewState":{"showFog":true,"showMaterialUpdate":false,"showSkybox":true,"showFlares":true,"showImageEffects":true,"showParticleSystems":true},"in2DMode":false,"pivot":{"x":-4.613659858703613,"y":2.6163504123687746,"z":-3.517460823059082},"rotation":{"x":-0.14973662793636323,"y":0.010972380638122559,"z":-0.001659388653934002,"w":-0.9886738061904907},"size":7.129321098327637,"orthographic":false}