{"cameraMode":{"drawMode":0,"name":"Shaded","section":"Shading Mode"},"sceneLighting":false,"audioPlay":false,"sceneViewState":{"showFog":true,"showMaterialUpdate":false,"showSkybox":false,"showFlares":true,"showImageEffects":true,"showParticleSystems":true},"in2DMode":false,"pivot":{"x":-1.0,"y":1.149999976158142,"z":-2.700000047683716},"rotation":{"x":-0.09901294112205506,"y":-0.05162402242422104,"z":0.005143670365214348,"w":-0.9937332272529602},"size":1.5072166919708253,"orthographic":false}