{"cameraMode":{"drawMode":0,"name":"Shaded","section":"Shading Mode"},"sceneLighting":false,"audioPlay":false,"sceneViewState":{"showFog":true,"showMaterialUpdate":false,"showSkybox":false,"showFlares":true,"showImageEffects":true,"showParticleSystems":true},"in2DMode":false,"pivot":{"x":-0.034801315516233447,"y":0.3611151874065399,"z":-2.6066009998321535},"rotation":{"x":-0.24409520626068116,"y":-0.09523902088403702,"z":0.024120550602674485,"w":-0.9647771120071411},"size":0.714678943157196,"orthographic":false}