{"cameraMode":{"drawMode":0,"name":"Shaded","section":"Shading Mode"},"sceneLighting":true,"audioPlay":false,"sceneViewState":{"showFog":true,"showMaterialUpdate":false,"showSkybox":true,"showFlares":true,"showImageEffects":true,"showParticleSystems":true},"in2DMode":false,"pivot":{"x":2.861565589904785,"y":2.568740129470825,"z":0.07801488041877747},"rotation":{"x":-0.09012576937675476,"y":-0.03674205392599106,"z":0.0033632637932896616,"w":-0.9952636957168579},"size":5.1505818367004398,"orthographic":false}