{"cameraMode":{"drawMode":0,"name":"Shaded","section":"Shading Mode"},"sceneLighting":true,"audioPlay":false,"sceneViewState":{"showFog":true,"showMaterialUpdate":false,"showSkybox":true,"showFlares":true,"showImageEffects":true,"showParticleSystems":true},"in2DMode":false,"pivot":{"x":-10.311378479003907,"y":2.250509262084961,"z":0.00005207120921113528},"rotation":{"x":-0.108065664768219,"y":0.02445005252957344,"z":-0.0026574290823191406,"w":-0.9938424229621887},"size":2.492229700088501,"orthographic":false}