{"cameraMode":{"drawMode":0,"name":"Shaded","section":"Shading Mode"},"sceneLighting":false,"audioPlay":false,"sceneViewState":{"showFog":true,"showMaterialUpdate":false,"showSkybox":false,"showFlares":true,"showImageEffects":true,"showParticleSystems":true},"in2DMode":false,"pivot":{"x":-0.4349101185798645,"y":2.282896041870117,"z":-2.117845296859741},"rotation":{"x":-0.0916604995727539,"y":0.02150656282901764,"z":-0.001956864958629012,"w":-0.9955710768699646},"size":4.014678478240967,"orthographic":false}