{"cameraMode":{"drawMode":0,"name":"Shaded","section":"Shading Mode"},"sceneLighting":true,"audioPlay":false,"sceneViewState":{"showFog":true,"showMaterialUpdate":false,"showSkybox":true,"showFlares":true,"showImageEffects":true,"showParticleSystems":true},"in2DMode":false,"pivot":{"x":-3.3229598999023439,"y":2.021007537841797,"z":2.4609603881835939},"rotation":{"x":-0.3752261996269226,"y":-0.07025612145662308,"z":0.028535597026348115,"w":-0.9238271713256836},"size":25.75577163696289,"orthographic":false}