{"cameraMode":{"drawMode":0,"name":"Shaded","section":"Shading Mode"},"sceneLighting":false,"audioPlay":false,"sceneViewState":{"showFog":true,"showMaterialUpdate":false,"showSkybox":false,"showFlares":true,"showImageEffects":true,"showParticleSystems":true},"in2DMode":false,"pivot":{"x":-2.991490602493286,"y":6.418135643005371,"z":-2.1040151119232179},"rotation":{"x":-0.0033055369276553394,"y":0.050076086074113849,"z":-0.00016612341278232634,"w":-0.9987425208091736},"size":2.4936575889587404,"orthographic":false}